ISO code,Country,Variable code,Variable name,1990,2019
ABW,Aruba,pop,Population (in millions),0.062149,0.106314
ABW,Aruba,rgdpe,Expenditure-side real GDP at chained PPPs (in mil. 2017US$),2575.25561523438,3921.26123046875
AGO,Angola,pop,Population (in millions),11.848386,31.825295
AGO,Angola,rgdpe,Expenditure-side real GDP at chained PPPs (in mil. 2017US$),36310.5546875,228151.015625
AIA,Anguilla,pop,Population (in millions),0.008899,0.014869
AIA,Anguilla,rgdpe,Expenditure-side real GDP at chained PPPs (in mil. 2017US$),206.072937011719,376.634979248047
ALB,Albania,pop,Population (in millions),3.286073,2.880917
ALB,Albania,rgdpe,Expenditure-side real GDP at chained PPPs (in mil. 2017US$),12005.7568359375,35890.01953125
ARE,United Arab Emirates,pop,Population (in millions),1.828432,9.770529
ARE,United Arab Emirates,rgdpe,Expenditure-side real GDP at chained PPPs (in mil. 2017US$),226935.609375,681525.8125
ARG,Argentina,pop,Population (in millions),32.618651,44.780677
ARG,Argentina,rgdpe,Expenditure-side real GDP at chained PPPs (in mil. 2017US$),196718.6875,991646.3125
ARM,Armenia,pop,Population (in millions),3.538171,2.957731
ARM,Armenia,rgdpe,Expenditure-side real GDP at chained PPPs (in mil. 2017US$),23707.373046875,41048.62890625
ATG,Antigua and Barbuda,pop,Population (in millions),0.062528,0.097118
ATG,Antigua and Barbuda,rgdpe,Expenditure-side real GDP at chained PPPs (in mil. 2017US$),845.257568359375,1986.16320800781
AUS,Australia,pop,Population (in millions),16.960597,25.203198
AUS,Australia,rgdpe,Expenditure-side real GDP at chained PPPs (in mil. 2017US$),491977.8125,1280843.25
AUT,Austria,pop,Population (in millions),7.723949,8.955102
AUT,Austria,rgdpe,Expenditure-side real GDP at chained PPPs (in mil. 2017US$),208007.234375,498022.25
AZE,Azerbaijan,pop,Population (in millions),7.242761,10.047718
AZE,Azerbaijan,rgdpe,Expenditure-side real GDP at chained PPPs (in mil. 2017US$),57294.9296875,162126.1875
BDI,Burundi,pop,Population (in millions),5.438957,11.53058
BDI,Burundi,rgdpe,Expenditure-side real GDP at chained PPPs (in mil. 2017US$),4961.1484375,8664.98828125
BEL,Belgium,pop,Population (in millions),10.006544,11.539328
BEL,Belgium,rgdpe,Expenditure-side real GDP at chained PPPs (in mil. 2017US$),272013.5625,589449.125
BEN,Benin,pop,Population (in millions),4.978496,11.801151
BEN,Benin,rgdpe,Expenditure-side real GDP at chained PPPs (in mil. 2017US$),6388.1083984375,36740.7421875
BFA,Burkina Faso,pop,Population (in millions),8.811034,20.321378
BFA,Burkina Faso,rgdpe,Expenditure-side real GDP at chained PPPs (in mil. 2017US$),9579.7763671875,43608.875
BGD,Bangladesh,pop,Population (in millions),103.171956,163.046161
BGD,Bangladesh,rgdpe,Expenditure-side real GDP at chained PPPs (in mil. 2017US$),152607.46875,756355.5625
BGR,Bulgaria,pop,Population (in millions),8.841458,7.000119
BGR,Bulgaria,rgdpe,Expenditure-side real GDP at chained PPPs (in mil. 2017US$),104736.34375,159419.96875
BHR,Bahrain,pop,Population (in millions),0.495931,1.641172
BHR,Bahrain,rgdpe,Expenditure-side real GDP at chained PPPs (in mil. 2017US$),8248.1201171875,74097.2265625
BHS,Bahamas,pop,Population (in millions),0.256223,0.389482
BHS,Bahamas,rgdpe,Expenditure-side real GDP at chained PPPs (in mil. 2017US$),7824.521484375,14412.818359375
BIH,Bosnia and Herzegovina,pop,Population (in millions),4.463423,3.301
BIH,Bosnia and Herzegovina,rgdpe,Expenditure-side real GDP at chained PPPs (in mil. 2017US$),6946.330078125,46953.84375
BLR,Belarus,pop,Population (in millions),10.151134,9.452411
BLR,Belarus,rgdpe,Expenditure-side real GDP at chained PPPs (in mil. 2017US$),151189.703125,201465.015625
BLZ,Belize,pop,Population (in millions),0.187552,0.390353
BLZ,Belize,rgdpe,Expenditure-side real GDP at chained PPPs (in mil. 2017US$),1360.08422851563,2680.84936523438
BMU,Bermuda,pop,Population (in millions),0.061634,0.062506
BMU,Bermuda,rgdpe,Expenditure-side real GDP at chained PPPs (in mil. 2017US$),1956.00305175781,4998.4541015625
BOL,Bolivia (Plurinational State of),pop,Population (in millions),6.864842,11.5131
BOL,Bolivia (Plurinational State of),rgdpe,Expenditure-side real GDP at chained PPPs (in mil. 2017US$),16286.1435546875,99341.8359375
BRA,Brazil,pop,Population (in millions),149.003223,211.049527
BRA,Brazil,rgdpe,Expenditure-side real GDP at chained PPPs (in mil. 2017US$),947247.75,3089273.5
BRB,Barbados,pop,Population (in millions),0.260936,0.287025
BRB,Barbados,rgdpe,Expenditure-side real GDP at chained PPPs (in mil. 2017US$),4099.8515625,4848.38720703125
BRN,Brunei Darussalam,pop,Population (in millions),0.258721,0.433285
BRN,Brunei Darussalam,rgdpe,Expenditure-side real GDP at chained PPPs (in mil. 2017US$),15308.8740234375,29270.73828125
BTN,Bhutan,pop,Population (in millions),0.530804,0.763092
BTN,Bhutan,rgdpe,Expenditure-side real GDP at chained PPPs (in mil. 2017US$),1478.158203125,8528.7119140625
BWA,Botswana,pop,Population (in millions),1.286756,2.303697
BWA,Botswana,rgdpe,Expenditure-side real GDP at chained PPPs (in mil. 2017US$),9494.908203125,39315.9375
CAF,Central African Republic,pop,Population (in millions),2.806734,4.745185
CAF,Central African Republic,rgdpe,Expenditure-side real GDP at chained PPPs (in mil. 2017US$),3352.39135742188,4532.56103515625
CAN,Canada,pop,Population (in millions),27.541319,37.411047
CAN,Canada,rgdpe,Expenditure-side real GDP at chained PPPs (in mil. 2017US$),915724.6875,1846581.125
CHE,Switzerland,pop,Population (in millions),6.652868,8.591365
CHE,Switzerland,rgdpe,Expenditure-side real GDP at chained PPPs (in mil. 2017US$),283661.96875,617131.8125
CHL,Chile,pop,Population (in millions),13.274623,18.952038
CHL,Chile,rgdpe,Expenditure-side real GDP at chained PPPs (in mil. 2017US$),109067.2890625,447186.625
CHN,China,pop,Population (in millions),1176.883674,1433.783686
CHN,China,rgdpe,Expenditure-side real GDP at chained PPPs (in mil. 2017US$),2916157.25,20056066
CIV,Côte d'Ivoire,pop,Population (in millions),11.924877,25.716544
CIV,Côte d'Ivoire,rgdpe,Expenditure-side real GDP at chained PPPs (in mil. 2017US$),30256.62890625,131363.734375
CMR,Cameroon,pop,Population (in millions),11.780088,25.87638
CMR,Cameroon,rgdpe,Expenditure-side real GDP at chained PPPs (in mil. 2017US$),30730.373046875,92642.1484375
COD,D.R. of the Congo,pop,Population (in millions),34.612023,86.790567
COD,D.R. of the Congo,rgdpe,Expenditure-side real GDP at chained PPPs (in mil. 2017US$),52290.1328125,89061.671875
COG,Congo,pop,Population (in millions),2.356737,5.380508
COG,Congo,rgdpe,Expenditure-side real GDP at chained PPPs (in mil. 2017US$),5861.4130859375,24154.6328125
COL,Colombia,pop,Population (in millions),33.102575,50.339443
COL,Colombia,rgdpe,Expenditure-side real GDP at chained PPPs (in mil. 2017US$),251152.875,695683.625
COM,Comoros,pop,Population (in millions),0.411594,0.850886
COM,Comoros,rgdpe,Expenditure-side real GDP at chained PPPs (in mil. 2017US$),1545.77758789063,2659.69140625
CPV,Cabo Verde,pop,Population (in millions),0.33795,0.549935
CPV,Cabo Verde,rgdpe,Expenditure-side real GDP at chained PPPs (in mil. 2017US$),752.55810546875,3953.55322265625
CRI,Costa Rica,pop,Population (in millions),3.119433,5.047561
CRI,Costa Rica,rgdpe,Expenditure-side real GDP at chained PPPs (in mil. 2017US$),24934.06640625,97161.359375
CUW,Curaçao,pop,Population (in millions),,0.163424
CUW,Curaçao,rgdpe,Expenditure-side real GDP at chained PPPs (in mil. 2017US$),,3706.66967773438
CYM,Cayman Islands,pop,Population (in millions),0.025312,0.064948
CYM,Cayman Islands,rgdpe,Expenditure-side real GDP at chained PPPs (in mil. 2017US$),1971.146484375,4559.8916015625
CYP,Cyprus,pop,Population (in millions),0.5794,0.868495
CYP,Cyprus,rgdpe,Expenditure-side real GDP at chained PPPs (in mil. 2017US$),12912.2578125,33665.640625
CZE,Czech Republic,pop,Population (in millions),10.340875,10.689209
CZE,Czech Republic,rgdpe,Expenditure-side real GDP at chained PPPs (in mil. 2017US$),251818.84375,435390.09375
DEU,Germany,pop,Population (in millions),79.053984,83.517045
DEU,Germany,rgdpe,Expenditure-side real GDP at chained PPPs (in mil. 2017US$),2204488.5,4308861.5
DJI,Djibouti,pop,Population (in millions),0.590398,0.97356
DJI,Djibouti,rgdpe,Expenditure-side real GDP at chained PPPs (in mil. 2017US$),1402.55310058594,6934.76806640625
DMA,Dominica,pop,Population (in millions),0.070419,0.071808
DMA,Dominica,rgdpe,Expenditure-side real GDP at chained PPPs (in mil. 2017US$),575.303344726563,840.083312988281
DNK,Denmark,pop,Population (in millions),5.141115,5.771876
DNK,Denmark,rgdpe,Expenditure-side real GDP at chained PPPs (in mil. 2017US$),144018.203125,322637.5
DOM,Dominican Republic,pop,Population (in millions),7.133494,10.738958
DOM,Dominican Republic,rgdpe,Expenditure-side real GDP at chained PPPs (in mil. 2017US$),35340.875,190792.65625
DZA,Algeria,pop,Population (in millions),25.758869,43.053054
DZA,Algeria,rgdpe,Expenditure-side real GDP at chained PPPs (in mil. 2017US$),243852.09375,488952.375
ECU,Ecuador,pop,Population (in millions),10.230934,17.373662
ECU,Ecuador,rgdpe,Expenditure-side real GDP at chained PPPs (in mil. 2017US$),63796.41796875,195248.40625
EGY,Egypt,pop,Population (in millions),56.134475,100.388073
EGY,Egypt,rgdpe,Expenditure-side real GDP at chained PPPs (in mil. 2017US$),125608.4140625,1101849.125
ESP,Spain,pop,Population (in millions),39.202525,46.736776
ESP,Spain,rgdpe,Expenditure-side real GDP at chained PPPs (in mil. 2017US$),743109,1932678.625
EST,Estonia,pop,Population (in millions),1.565246,1.325648
EST,Estonia,rgdpe,Expenditure-side real GDP at chained PPPs (in mil. 2017US$),17759.97265625,49209.03125
ETH,Ethiopia,pop,Population (in millions),47.887865,112.07873
ETH,Ethiopia,rgdpe,Expenditure-side real GDP at chained PPPs (in mil. 2017US$),37355.83984375,286037.65625
FIN,Finland,pop,Population (in millions),4.996222,5.532156
FIN,Finland,rgdpe,Expenditure-side real GDP at chained PPPs (in mil. 2017US$),136194.359375,261017.34375
FJI,Fiji,pop,Population (in millions),0.728573,0.889953
FJI,Fiji,rgdpe,Expenditure-side real GDP at chained PPPs (in mil. 2017US$),4506.88916015625,12235.4638671875
FRA,France,pop,Population (in millions),58.235697,67.351247
FRA,France,rgdpe,Expenditure-side real GDP at chained PPPs (in mil. 2017US$),1581529.625,3018884.75
GAB,Gabon,pop,Population (in millions),0.949488,2.172579
GAB,Gabon,rgdpe,Expenditure-side real GDP at chained PPPs (in mil. 2017US$),9089.8447265625,33368.84375
GBR,United Kingdom,pop,Population (in millions),57.134391,67.530172
GBR,United Kingdom,rgdpe,Expenditure-side real GDP at chained PPPs (in mil. 2017US$),1439709.75,3118991.25
GEO,Georgia,pop,Population (in millions),5.410399,3.996765
GEO,Georgia,rgdpe,Expenditure-side real GDP at chained PPPs (in mil. 2017US$),64985.51953125,59386.25390625
GHA,Ghana,pop,Population (in millions),14.773277,30.417856
GHA,Ghana,rgdpe,Expenditure-side real GDP at chained PPPs (in mil. 2017US$),43322.83203125,168712.984375
GIN,Guinea,pop,Population (in millions),6.352283,12.771246
GIN,Guinea,rgdpe,Expenditure-side real GDP at chained PPPs (in mil. 2017US$),20216.71484375,29383.0078125
GMB,Gambia,pop,Population (in millions),0.955593,2.347706
GMB,Gambia,rgdpe,Expenditure-side real GDP at chained PPPs (in mil. 2017US$),2722.56958007813,5114.54150390625
GNB,Guinea-Bissau,pop,Population (in millions),0.975261,1.920922
GNB,Guinea-Bissau,rgdpe,Expenditure-side real GDP at chained PPPs (in mil. 2017US$),1557.1708984375,3262.90356445313
GNQ,Equatorial Guinea,pop,Population (in millions),0.419188,1.355986
GNQ,Equatorial Guinea,rgdpe,Expenditure-side real GDP at chained PPPs (in mil. 2017US$),882.813171386719,30121.935546875
GRC,Greece,pop,Population (in millions),10.225992,10.473455
GRC,Greece,rgdpe,Expenditure-side real GDP at chained PPPs (in mil. 2017US$),181332.359375,302222.28125
GRD,Grenada,pop,Population (in millions),0.096331,0.112003
GRD,Grenada,rgdpe,Expenditure-side real GDP at chained PPPs (in mil. 2017US$),485.606048583984,1803.38647460938
GTM,Guatemala,pop,Population (in millions),9.263813,17.581472
GTM,Guatemala,rgdpe,Expenditure-side real GDP at chained PPPs (in mil. 2017US$),35274.8828125,139241.078125
GUY,Guyana,pop,Population (in millions),0.743309,0.782766
GUY,Guyana,rgdpe,Expenditure-side real GDP at chained PPPs (in mil. 2017US$),2135.50244140625,10438.4931640625
HKG,"China, Hong Kong SAR",pop,Population (in millions),5.727938,7.436154
HKG,"China, Hong Kong SAR",rgdpe,Expenditure-side real GDP at chained PPPs (in mil. 2017US$),151044.28125,440554.28125
HND,Honduras,pop,Population (in millions),4.955303,9.746117
HND,Honduras,rgdpe,Expenditure-side real GDP at chained PPPs (in mil. 2017US$),15024.595703125,51615.92578125
HRV,Croatia,pop,Population (in millions),4.776374,4.130304
HRV,Croatia,rgdpe,Expenditure-side real GDP at chained PPPs (in mil. 2017US$),64448.71484375,113633.0078125
HTI,Haiti,pop,Population (in millions),7.037917,11.263077
HTI,Haiti,rgdpe,Expenditure-side real GDP at chained PPPs (in mil. 2017US$),9455.26953125,17242.24609375
HUN,Hungary,pop,Population (in millions),10.377137,9.684679
HUN,Hungary,rgdpe,Expenditure-side real GDP at chained PPPs (in mil. 2017US$),143548.421875,322164.71875
IDN,Indonesia,pop,Population (in millions),182.151216,270.625568
IDN,Indonesia,rgdpe,Expenditure-side real GDP at chained PPPs (in mil. 2017US$),629466.625,3104438.75
IND,India,pop,Population (in millions),873.277798,1366.417754
IND,India,rgdpe,Expenditure-side real GDP at chained PPPs (in mil. 2017US$),1230354,8945547
IRL,Ireland,pop,Population (in millions),3.510885,4.882495
IRL,Ireland,rgdpe,Expenditure-side real GDP at chained PPPs (in mil. 2017US$),68907.8515625,499741.09375
IRN,Iran (Islamic Republic of),pop,Population (in millions),56.366217,82.913906
IRN,Iran (Islamic Republic of),rgdpe,Expenditure-side real GDP at chained PPPs (in mil. 2017US$),187198.78125,1082891
IRQ,Iraq,pop,Population (in millions),17.419113,39.309783
IRQ,Iraq,rgdpe,Expenditure-side real GDP at chained PPPs (in mil. 2017US$),128514.4140625,451417.125
ISL,Iceland,pop,Population (in millions),0.255043,0.339031
ISL,Iceland,rgdpe,Expenditure-side real GDP at chained PPPs (in mil. 2017US$),8510.248046875,19886.880859375
ISR,Israel,pop,Population (in millions),4.448353,8.519377
ISR,Israel,rgdpe,Expenditure-side real GDP at chained PPPs (in mil. 2017US$),104478.53125,364017.46875
ITA,Italy,pop,Population (in millions),57.048236,60.550075
ITA,Italy,rgdpe,Expenditure-side real GDP at chained PPPs (in mil. 2017US$),1560881.5,2508404.5
JAM,Jamaica,pop,Population (in millions),2.419906,2.948279
JAM,Jamaica,rgdpe,Expenditure-side real GDP at chained PPPs (in mil. 2017US$),12548.53515625,26373.171875
JOR,Jordan,pop,Population (in millions),3.56589,10.101694
JOR,Jordan,rgdpe,Expenditure-side real GDP at chained PPPs (in mil. 2017US$),12098.421875,102984.8984375
JPN,Japan,pop,Population (in millions),124.50524,126.860301
JPN,Japan,rgdpe,Expenditure-side real GDP at chained PPPs (in mil. 2017US$),3552613.25,5028348
KAZ,Kazakhstan,pop,Population (in millions),16.383887,18.551427
KAZ,Kazakhstan,rgdpe,Expenditure-side real GDP at chained PPPs (in mil. 2017US$),198424.5625,533491.75
KEN,Kenya,pop,Population (in millions),23.724579,52.573973
KEN,Kenya,rgdpe,Expenditure-side real GDP at chained PPPs (in mil. 2017US$),52272.2109375,217529.4375
KGZ,Kyrgyzstan,pop,Population (in millions),4.372885,6.41585
KGZ,Kyrgyzstan,rgdpe,Expenditure-side real GDP at chained PPPs (in mil. 2017US$),36014.51953125,32178.349609375
KHM,Cambodia,pop,Population (in millions),8.975597,16.486542
KHM,Cambodia,rgdpe,Expenditure-side real GDP at chained PPPs (in mil. 2017US$),10325.861328125,69445.9921875
KNA,Saint Kitts and Nevis,pop,Population (in millions),0.040259,0.052823
KNA,Saint Kitts and Nevis,rgdpe,Expenditure-side real GDP at chained PPPs (in mil. 2017US$),437.233459472656,1457.37939453125
KOR,Republic of Korea,pop,Population (in millions),42.918419,51.225308
KOR,Republic of Korea,rgdpe,Expenditure-side real GDP at chained PPPs (in mil. 2017US$),565140.75,2090945.875
KWT,Kuwait,pop,Population (in millions),2.095344,4.207083
KWT,Kuwait,rgdpe,Expenditure-side real GDP at chained PPPs (in mil. 2017US$),45861.21875,235355.984375
LAO,Lao People's DR,pop,Population (in millions),4.258472,7.169455
LAO,Lao People's DR,rgdpe,Expenditure-side real GDP at chained PPPs (in mil. 2017US$),5387.4921875,52760.83203125
LBN,Lebanon,pop,Population (in millions),2.803044,6.855713
LBN,Lebanon,rgdpe,Expenditure-side real GDP at chained PPPs (in mil. 2017US$),11401.3427734375,100265.5703125
LBR,Liberia,pop,Population (in millions),2.075912,4.937374
LBR,Liberia,rgdpe,Expenditure-side real GDP at chained PPPs (in mil. 2017US$),1945.7958984375,6062.126953125
LCA,Saint Lucia,pop,Population (in millions),0.13802,0.18279
LCA,Saint Lucia,rgdpe,Expenditure-side real GDP at chained PPPs (in mil. 2017US$),1281.1337890625,2766.35375976563
LKA,Sri Lanka,pop,Population (in millions),17.325773,21.323733
LKA,Sri Lanka,rgdpe,Expenditure-side real GDP at chained PPPs (in mil. 2017US$),55257.37109375,271111
LSO,Lesotho,pop,Population (in millions),1.703747,2.125268
LSO,Lesotho,rgdpe,Expenditure-side real GDP at chained PPPs (in mil. 2017US$),2369.328125,5521.240234375
LTU,Lithuania,pop,Population (in millions),3.696035,2.759627
LTU,Lithuania,rgdpe,Expenditure-side real GDP at chained PPPs (in mil. 2017US$),53623.6875,103480.1875
LUX,Luxembourg,pop,Population (in millions),0.381791,0.615729
LUX,Luxembourg,rgdpe,Expenditure-side real GDP at chained PPPs (in mil. 2017US$),17541.1640625,69541.328125
LVA,Latvia,pop,Population (in millions),2.664439,1.906743
LVA,Latvia,rgdpe,Expenditure-side real GDP at chained PPPs (in mil. 2017US$),44957.03515625,59915.99609375
MAC,"China, Macao SAR",pop,Population (in millions),0.343808,0.640445
MAC,"China, Macao SAR",rgdpe,Expenditure-side real GDP at chained PPPs (in mil. 2017US$),9127.78125,67463.125
MAR,Morocco,pop,Population (in millions),24.807462,36.471769
MAR,Morocco,rgdpe,Expenditure-side real GDP at chained PPPs (in mil. 2017US$),107734.5390625,281738.125
MDA,Republic of Moldova,pop,Population (in millions),4.365564,4.043263
MDA,Republic of Moldova,rgdpe,Expenditure-side real GDP at chained PPPs (in mil. 2017US$),28890.759765625,35119.203125
MDG,Madagascar,pop,Population (in millions),11.598633,26.969307
MDG,Madagascar,rgdpe,Expenditure-side real GDP at chained PPPs (in mil. 2017US$),15815.4091796875,40378.0234375
MDV,Maldives,pop,Population (in millions),0.223158,0.530953
MDV,Maldives,rgdpe,Expenditure-side real GDP at chained PPPs (in mil. 2017US$),1121.79418945313,10161.5830078125
MEX,Mexico,pop,Population (in millions),83.943132,127.575529
MEX,Mexico,rgdpe,Expenditure-side real GDP at chained PPPs (in mil. 2017US$),1014961.5625,2463237.75
MKD,North Macedonia,pop,Population (in millions),1.996228,2.083459
MKD,North Macedonia,rgdpe,Expenditure-side real GDP at chained PPPs (in mil. 2017US$),12411.3056640625,33646.66015625
MLI,Mali,pop,Population (in millions),8.449913,19.658031
MLI,Mali,rgdpe,Expenditure-side real GDP at chained PPPs (in mil. 2017US$),6139.39404296875,47398.62109375
MLT,Malta,pop,Population (in millions),0.362015,0.440372
MLT,Malta,rgdpe,Expenditure-side real GDP at chained PPPs (in mil. 2017US$),5354.54541015625,22352.87890625
MMR,Myanmar,pop,Population (in millions),41.335199,54.04542
MMR,Myanmar,rgdpe,Expenditure-side real GDP at chained PPPs (in mil. 2017US$),30953.17578125,260493.546875
MNE,Montenegro,pop,Population (in millions),0.615002,0.627987
MNE,Montenegro,rgdpe,Expenditure-side real GDP at chained PPPs (in mil. 2017US$),6702.1552734375,12907.7900390625
MNG,Mongolia,pop,Population (in millions),2.184145,3.225167
MNG,Mongolia,rgdpe,Expenditure-side real GDP at chained PPPs (in mil. 2017US$),8200.2421875,41388.47265625
MOZ,Mozambique,pop,Population (in millions),12.987292,30.366036
MOZ,Mozambique,rgdpe,Expenditure-side real GDP at chained PPPs (in mil. 2017US$),8400.2724609375,35524.1484375
MRT,Mauritania,pop,Population (in millions),2.034346,4.525696
MRT,Mauritania,rgdpe,Expenditure-side real GDP at chained PPPs (in mil. 2017US$),6548.89111328125,19384.744140625
MSR,Montserrat,pop,Population (in millions),0.010615,0.004989
MSR,Montserrat,rgdpe,Expenditure-side real GDP at chained PPPs (in mil. 2017US$),338.844757080078,99.1915817260742
MUS,Mauritius,pop,Population (in millions),1.055868,1.269668
MUS,Mauritius,rgdpe,Expenditure-side real GDP at chained PPPs (in mil. 2017US$),11257.8095703125,29455.955078125
MWI,Malawi,pop,Population (in millions),9.4045,18.628747
MWI,Malawi,rgdpe,Expenditure-side real GDP at chained PPPs (in mil. 2017US$),9674.6865234375,20362.392578125
MYS,Malaysia,pop,Population (in millions),18.029824,31.949777
MYS,Malaysia,rgdpe,Expenditure-side real GDP at chained PPPs (in mil. 2017US$),158185.484375,892731
NAM,Namibia,pop,Population (in millions),1.432905,2.49453
NAM,Namibia,rgdpe,Expenditure-side real GDP at chained PPPs (in mil. 2017US$),7291.52978515625,25195.970703125
NER,Niger,pop,Population (in millions),8.026591,23.310715
NER,Niger,rgdpe,Expenditure-side real GDP at chained PPPs (in mil. 2017US$),9651.666015625,27399.2734375
NGA,Nigeria,pop,Population (in millions),95.21245,200.963599
NGA,Nigeria,rgdpe,Expenditure-side real GDP at chained PPPs (in mil. 2017US$),79642.5625,983498.25
NIC,Nicaragua,pop,Population (in millions),4.173434,6.545502
NIC,Nicaragua,rgdpe,Expenditure-side real GDP at chained PPPs (in mil. 2017US$),13909.0078125,33386.31640625
NLD,Netherlands,pop,Population (in millions),14.965448,17.09713
NLD,Netherlands,rgdpe,Expenditure-side real GDP at chained PPPs (in mil. 2017US$),427072.25,958314.625
NOR,Norway,pop,Population (in millions),4.247285,5.378857
NOR,Norway,rgdpe,Expenditure-side real GDP at chained PPPs (in mil. 2017US$),120817.109375,336415.40625
NPL,Nepal,pop,Population (in millions),18.905478,28.60871
NPL,Nepal,rgdpe,Expenditure-side real GDP at chained PPPs (in mil. 2017US$),19883.142578125,88801.109375
NZL,New Zealand,pop,Population (in millions),3.398172,4.783063
NZL,New Zealand,rgdpe,Expenditure-side real GDP at chained PPPs (in mil. 2017US$),76859.65625,200579.234375
OMN,Oman,pop,Population (in millions),1.812161,4.974986
OMN,Oman,rgdpe,Expenditure-side real GDP at chained PPPs (in mil. 2017US$),21169.833984375,146794.796875
PAK,Pakistan,pop,Population (in millions),107.647921,216.565318
PAK,Pakistan,rgdpe,Expenditure-side real GDP at chained PPPs (in mil. 2017US$),288524.75,1036799.875
PAN,Panama,pop,Population (in millions),2.470947,4.246439
PAN,Panama,rgdpe,Expenditure-side real GDP at chained PPPs (in mil. 2017US$),16359.1083984375,125636.6015625
PER,Peru,pop,Population (in millions),22.071433,32.510453
PER,Peru,rgdpe,Expenditure-side real GDP at chained PPPs (in mil. 2017US$),81596.671875,403546.34375
PHL,Philippines,pop,Population (in millions),61.89516,108.116615
PHL,Philippines,rgdpe,Expenditure-side real GDP at chained PPPs (in mil. 2017US$),233133.34375,887058.5
POL,Poland,pop,Population (in millions),37.960193,37.887768
POL,Poland,rgdpe,Expenditure-side real GDP at chained PPPs (in mil. 2017US$),335254.875,1259693.75
PRT,Portugal,pop,Population (in millions),9.895364,10.226187
PRT,Portugal,rgdpe,Expenditure-side real GDP at chained PPPs (in mil. 2017US$),157535.140625,350395.375
PRY,Paraguay,pop,Population (in millions),4.223415,7.044636
PRY,Paraguay,rgdpe,Expenditure-side real GDP at chained PPPs (in mil. 2017US$),20688.53125,85487.359375
PSE,State of Palestine,pop,Population (in millions),2.101446,4.98142
PSE,State of Palestine,rgdpe,Expenditure-side real GDP at chained PPPs (in mil. 2017US$),5372.87744140625,30396.775390625
QAT,Qatar,pop,Population (in millions),0.476278,2.832067
QAT,Qatar,rgdpe,Expenditure-side real GDP at chained PPPs (in mil. 2017US$),13335.9072265625,292963.53125
ROU,Romania,pop,Population (in millions),23.48916,19.364557
ROU,Romania,rgdpe,Expenditure-side real GDP at chained PPPs (in mil. 2017US$),182151.125,558259.5625
RUS,Russian Federation,pop,Population (in millions),147.531561,145.872256
RUS,Russian Federation,rgdpe,Expenditure-side real GDP at chained PPPs (in mil. 2017US$),2403880.5,4197222.5
RWA,Rwanda,pop,Population (in millions),7.288882,12.62695
RWA,Rwanda,rgdpe,Expenditure-side real GDP at chained PPPs (in mil. 2017US$),8103.51416015625,26962.484375
SAU,Saudi Arabia,pop,Population (in millions),16.233785,34.268528
SAU,Saudi Arabia,rgdpe,Expenditure-side real GDP at chained PPPs (in mil. 2017US$),295543.9375,1754526.375
SDN,Sudan,pop,Population (in millions),20.14759,42.813238
SDN,Sudan,rgdpe,Expenditure-side real GDP at chained PPPs (in mil. 2017US$),39876.40234375,170039.953125
SEN,Senegal,pop,Population (in millions),7.526307,16.296364
SEN,Senegal,rgdpe,Expenditure-side real GDP at chained PPPs (in mil. 2017US$),20870.564453125,51997.69140625
SGP,Singapore,pop,Population (in millions),3.012966,5.804337
SGP,Singapore,rgdpe,Expenditure-side real GDP at chained PPPs (in mil. 2017US$),64860.5703125,514376.3125
SLE,Sierra Leone,pop,Population (in millions),4.319762,7.813215
SLE,Sierra Leone,rgdpe,Expenditure-side real GDP at chained PPPs (in mil. 2017US$),6628.828125,13621.970703125
SLV,El Salvador,pop,Population (in millions),5.270079,6.453553
SLV,El Salvador,rgdpe,Expenditure-side real GDP at chained PPPs (in mil. 2017US$),6124.3056640625,53766.4765625
SRB,Serbia,pop,Population (in millions),9.517675,6.99451
SRB,Serbia,rgdpe,Expenditure-side real GDP at chained PPPs (in mil. 2017US$),113435.8046875,121562.6953125
STP,Sao Tome and Principe,pop,Population (in millions),0.119209,0.215056
STP,Sao Tome and Principe,rgdpe,Expenditure-side real GDP at chained PPPs (in mil. 2017US$),219.88346862793,784.53076171875
SUR,Suriname,pop,Population (in millions),0.405168,0.581372
SUR,Suriname,rgdpe,Expenditure-side real GDP at chained PPPs (in mil. 2017US$),2825.86279296875,8851.3349609375
SVK,Slovakia,pop,Population (in millions),5.288454,5.457013
SVK,Slovakia,rgdpe,Expenditure-side real GDP at chained PPPs (in mil. 2017US$),99966.3515625,176537.546875
SVN,Slovenia,pop,Population (in millions),2.006405,2.078654
SVN,Slovenia,rgdpe,Expenditure-side real GDP at chained PPPs (in mil. 2017US$),42714.70703125,82556.5
SWE,Sweden,pop,Population (in millions),8.567384,10.036379
SWE,Sweden,rgdpe,Expenditure-side real GDP at chained PPPs (in mil. 2017US$),257742.71875,560960.5
SWZ,Eswatini,pop,Population (in millions),0.82242,1.14813
SWZ,Eswatini,rgdpe,Expenditure-side real GDP at chained PPPs (in mil. 2017US$),5463.302734375,9684.318359375
SXM,Sint Maarten (Dutch part),pop,Population (in millions),,0.042388
SXM,Sint Maarten (Dutch part),rgdpe,Expenditure-side real GDP at chained PPPs (in mil. 2017US$),,1511.99194335938
SYC,Seychelles,pop,Population (in millions),0.07057,0.097739
SYC,Seychelles,rgdpe,Expenditure-side real GDP at chained PPPs (in mil. 2017US$),1224.6337890625,3033.67211914063
SYR,Syrian Arab Republic,pop,Population (in millions),12.446171,17.070135
SYR,Syrian Arab Republic,rgdpe,Expenditure-side real GDP at chained PPPs (in mil. 2017US$),16862.734375,96855.328125
TCA,Turks and Caicos Islands,pop,Population (in millions),0.012111,0.038191
TCA,Turks and Caicos Islands,rgdpe,Expenditure-side real GDP at chained PPPs (in mil. 2017US$),154.6162109375,1144.52746582031
TCD,Chad,pop,Population (in millions),5.963252,15.946876
TCD,Chad,rgdpe,Expenditure-side real GDP at chained PPPs (in mil. 2017US$),7215.255859375,25648.60546875
TGO,Togo,pop,Population (in millions),3.774312,8.082366
TGO,Togo,rgdpe,Expenditure-side real GDP at chained PPPs (in mil. 2017US$),6647.6259765625,17609.3515625
THA,Thailand,pop,Population (in millions),56.558186,69.625582
THA,Thailand,rgdpe,Expenditure-side real GDP at chained PPPs (in mil. 2017US$),308367.4375,1222506.5
TJK,Tajikistan,pop,Population (in millions),5.283814,9.321018
TJK,Tajikistan,rgdpe,Expenditure-side real GDP at chained PPPs (in mil. 2017US$),36567.234375,30795.53515625
TKM,Turkmenistan,pop,Population (in millions),3.683967,5.942089
TKM,Turkmenistan,rgdpe,Expenditure-side real GDP at chained PPPs (in mil. 2017US$),42779.5625,162396.625
TTO,Trinidad and Tobago,pop,Population (in millions),1.221116,1.394973
TTO,Trinidad and Tobago,rgdpe,Expenditure-side real GDP at chained PPPs (in mil. 2017US$),15085.6611328125,37336.6640625
TUN,Tunisia,pop,Population (in millions),8.242496,11.694719
TUN,Tunisia,rgdpe,Expenditure-side real GDP at chained PPPs (in mil. 2017US$),47990.10546875,125595.5078125
TUR,Turkey,pop,Population (in millions),53.92176,83.429615
TUR,Turkey,rgdpe,Expenditure-side real GDP at chained PPPs (in mil. 2017US$),606270.3125,2227538.25
TWN,Taiwan,pop,Population (in millions),20.278946,23.596027
TWN,Taiwan,rgdpe,Expenditure-side real GDP at chained PPPs (in mil. 2017US$),430917.25,1153761.125
TZA,U.R. of Tanzania: Mainland,pop,Population (in millions),24.523558,56.379874
TZA,U.R. of Tanzania: Mainland,rgdpe,Expenditure-side real GDP at chained PPPs (in mil. 2017US$),25741.6328125,131421.703125
UGA,Uganda,pop,Population (in millions),17.354392,44.269594
UGA,Uganda,rgdpe,Expenditure-side real GDP at chained PPPs (in mil. 2017US$),15281.162109375,89417.125
UKR,Ukraine,pop,Population (in millions),51.463105,43.993638
UKR,Ukraine,rgdpe,Expenditure-side real GDP at chained PPPs (in mil. 2017US$),609908.5,562544.1875
URY,Uruguay,pop,Population (in millions),3.109601,3.461734
URY,Uruguay,rgdpe,Expenditure-side real GDP at chained PPPs (in mil. 2017US$),30116.36328125,73450.5
USA,United States,pop,Population (in millions),252.120309,329.064917
USA,United States,rgdpe,Expenditure-side real GDP at chained PPPs (in mil. 2017US$),9847675,20860506
UZB,Uzbekistan,pop,Population (in millions),20.398348,32.981716
UZB,Uzbekistan,rgdpe,Expenditure-side real GDP at chained PPPs (in mil. 2017US$),123369.9296875,378534.25
VCT,St. Vincent and the Grenadines,pop,Population (in millions),0.107484,0.110589
VCT,St. Vincent and the Grenadines,rgdpe,Expenditure-side real GDP at chained PPPs (in mil. 2017US$),648.237426757813,1317.68823242188
VEN,Venezuela (Bolivarian Republic of),pop,Population (in millions),19.632665,28.515829
VEN,Venezuela (Bolivarian Republic of),rgdpe,Expenditure-side real GDP at chained PPPs (in mil. 2017US$),185169.046875,7166.57177734375
VGB,British Virgin Islands,pop,Population (in millions),0.017489,0.03003
VGB,British Virgin Islands,rgdpe,Expenditure-side real GDP at chained PPPs (in mil. 2017US$),204.791595458984,1147.06005859375
VNM,Viet Nam,pop,Population (in millions),67.988862,96.462106
VNM,Viet Nam,rgdpe,Expenditure-side real GDP at chained PPPs (in mil. 2017US$),92867.6328125,750726.75
YEM,Yemen,pop,Population (in millions),11.709993,29.161922
YEM,Yemen,rgdpe,Expenditure-side real GDP at chained PPPs (in mil. 2017US$),9130.5224609375,50052.93359375
ZAF,South Africa,pop,Population (in millions),36.800509,58.55827
ZAF,South Africa,rgdpe,Expenditure-side real GDP at chained PPPs (in mil. 2017US$),341375.34375,748940
ZMB,Zambia,pop,Population (in millions),8.036845,17.86103
ZMB,Zambia,rgdpe,Expenditure-side real GDP at chained PPPs (in mil. 2017US$),11380.5869140625,57956.18359375
ZWE,Zimbabwe,pop,Population (in millions),10.432421,14.645468
ZWE,Zimbabwe,rgdpe,Expenditure-side real GDP at chained PPPs (in mil. 2017US$),55114.98828125,42296.0625
